SNR,Supervised,ChannelMAE,ChannelMAE-pretrained,Pseudo-label,DnCNN,HA03,LS,ALMMSE,LMMSE
0,0.02301047,0.021221539,0.027106062,0.02036372,0.24514793,0.03788666,0.83724,0.03607,0.01162
5,0.007400722,0.006874774,0.01172429,0.007742901,0.07783044,0.02022415,0.26428,0.01446,0.00367
10,0.003230278,0.003047003,0.00744756,0.004066039,0.03837523,0.0150065,0.08368,0.00571,0.00121
15,0.002030889,0.00189857,0.006616667,0.003148349,0.02993331,0.01429458,0.02644,0.00213,0.00041
20,0.001815424,0.001711922,0.006069181,0.002813963,0.02789369,0.01330567,0.00841,0.00088,0.00017