SNR,HA02,ChannelNet,ChannelMAE,DnCNN,HA03,LS,ALMMSE,LMMSE,ReEsNet
0,0.022923863,0.01716426,0.021430105,0.26008222,0.03129677,0.83744,0.02342,0.01158,0.016230816
5,0.005376964,0.004651587,0.004984115,0.08662406,0.0123269,0.26505,0.011,0.00376,0.004881456
10,0.001949367,0.001596487,0.00132852,0.04226365,0.00536082,0.08377,0.00604,0.00127,0.001855935
15,0.001058605,0.000647348,0.000587909,0.03221666,0.00318467,0.02662,0.0031,0.00049,0.000813264
20,0.000823803,0.000282342,0.00042911,0.02945097,0.00275866,0.0085,0.00144,0.00024,0.000399961