SNR,HA02,ChannelNet,ChannelMAE,DnCNN,HA03,LS,ALMMSE,LMMSE
0,0.054351229,0.113286606,0.045419205,0.23892111,0.1956477,0.835835874,0.05413948,0.011510463
5,0.016419191,0.013839905,0.013247082,0.07905615,0.07691186,0.264993042,0.024310218,0.00370621
10,0.004845654,0.003988147,0.004072516,0.05481152,0.04686026,0.083721653,0.010045461,0.001223594
15,0.002565754,0.001807183,0.002175089,0.0510357,0.03796921,0.026507311,0.004758697,0.000428144
20,0.001845882,0.001043249,0.001309388,0.04993797,0.03536465,0.008436184,0.002080077,0.000175325