SNR,Supervised,ChannelMAE,ChannelMAE-pretrained,Pseudo-label,DnCNN,HA03,LS,ALMMSE,LMMSE
0,0.055595011,0.056386527,0.058464263,0.057357941,0.23750395,0.07169261,0.839358985,0.060077809,0.013835868
5,0.015289487,0.015634274,0.01844875,0.019661859,0.08253954,0.02430636,0.266489565,0.028183557,0.00587033
10,0.005566126,0.005680102,0.007442028,0.008969422,0.05699987,0.01159529,0.085941419,0.013587466,0.003474167
15,0.003084278,0.003263448,0.005366958,0.006190424,0.05257355,0.00785109,0.028645637,0.005789972,0.002603266
20,0.002387289,0.00256425,0.004925391,0.005433458,0.05110442,0.00705635,0.010636284,0.002376958,0.002370872